<?xml version="1.0" encoding="UTF-8"?>
<project-private xmlns="http://www.netbeans.org/ns/project-private/1">
    <editor-bookmarks xmlns="http://www.netbeans.org/ns/editor-bookmarks/2" lastBookmarkId="0"/>
    <open-files xmlns="http://www.netbeans.org/ns/projectui-open-files/2">
        <group>
            <file>file:/E:/DataDosen/a71b/prjPenjualan/src/prjpenjualan/LapPenjualan.java</file>
            <file>file:/E:/DataDosen/a71b/prjPenjualan/src/prjpenjualan/FrmMenu.java</file>
            <file>file:/E:/DataDosen/a71b/prjPenjualan/src/prjpenjualan/frmStokOpname.java</file>
            <file>file:/E:/DataDosen/a71b/prjPenjualan/src/prjpenjualan/Main.java</file>
            <file>file:/E:/DataDosen/a71b/prjPenjualan/src/prjpenjualan/RataKanan.java</file>
            <file>file:/E:/DataDosen/a71b/prjPenjualan/src/prjpenjualan/KoneksiMysql.java</file>
            <file>file:/E:/DataDosen/a71b/prjPenjualan/src/prjpenjualan/frmSupplier.java</file>
            <file>file:/E:/DataDosen/a71b/prjPenjualan/src/prjpenjualan/RataTengah.java</file>
            <file>file:/E:/DataDosen/a71b/prjPenjualan/src/prjpenjualan/ExportToExcel.java</file>
            <file>file:/E:/DataDosen/a71b/prjPenjualan/src/prjpenjualan/frmBarang.java</file>
            <file>file:/E:/DataDosen/a71b/prjPenjualan/src/prjpenjualan/frmKonsumen.java</file>
            <file>file:/E:/DataDosen/a71b/prjPenjualan/src/prjpenjualan/frmSelectBarang.java</file>
            <file>file:/E:/DataDosen/a71b/prjPenjualan/src/prjpenjualan/CustomFormat.java</file>
            <file>file:/E:/DataDosen/a71b/prjPenjualan/src/konsumen/konsumen.java</file>
            <file>file:/E:/DataDosen/a71b/prjPenjualan/src/prjpenjualan/frmTransaksi.java</file>
            <file>file:/E:/DataDosen/a71b/prjPenjualan/src/prjpenjualan/frmLogin.java</file>
        </group>
    </open-files>
</project-private>
